iter	RMSE
0	58.08736505
1	37.73745869
2	28.53304683
3	24.01659471
4	21.89069397
5	20.65618526
6	20.03299359
7	19.53198694
8	19.03333282
9	18.5976065
